{"cameraMode":{"drawMode":0,"name":"Shaded","section":"Shading Mode"},"sceneLighting":true,"audioPlay":false,"sceneViewState":{"showFog":true,"showMaterialUpdate":true,"showSkybox":true,"showFlares":true,"showImageEffects":true,"showParticleSystems":true},"in2DMode":false,"pivot":{"x":23.766056060791017,"y":12.995413780212403,"z":5.659642219543457},"rotation":{"x":-0.10442658513784409,"y":-0.11401934921741486,"z":0.012051593512296677,"w":-0.9879388213157654},"size":3.771453619003296,"orthographic":false}