{"cameraMode":{"drawMode":0,"name":"Shaded","section":"Shading Mode"},"sceneLighting":true,"audioPlay":false,"sceneViewState":{"showFog":true,"showMaterialUpdate":true,"showSkybox":true,"showFlares":true,"showImageEffects":true,"showParticleSystems":true},"in2DMode":false,"pivot":{"x":3.182236909866333,"y":16.053428649902345,"z":-16.75192642211914},"rotation":{"x":-0.23799152672290803,"y":-0.011073828674852848,"z":0.0027156653814017774,"w":-0.9712129235267639},"size":4.752710819244385,"orthographic":false}