{"cameraMode":{"drawMode":0,"name":"Shaded","section":"Shading Mode"},"sceneLighting":true,"audioPlay":false,"sceneViewState":{"showFog":true,"showMaterialUpdate":true,"showSkybox":true,"showFlares":true,"showImageEffects":true,"showParticleSystems":true},"in2DMode":false,"pivot":{"x":-16.23714828491211,"y":6.589353561401367,"z":23.52910804748535},"rotation":{"x":-0.12592333555221559,"y":0.028862876817584039,"z":-0.003661437425762415,"w":-0.9916274547576904},"size":26.552762985229493,"orthographic":false}