{"cameraMode":{"drawMode":0,"name":"Shaded","section":"Shading Mode"},"sceneLighting":false,"audioPlay":false,"sceneViewState":{"showFog":true,"showMaterialUpdate":true,"showSkybox":false,"showFlares":true,"showImageEffects":true,"showParticleSystems":true},"in2DMode":false,"pivot":{"x":1.9126538038253785,"y":-0.37922245264053347,"z":0.12672042846679688},"rotation":{"x":-0.14642217755317689,"y":-0.06909067183732987,"z":0.010248587466776371,"w":-0.9867704510688782},"size":3.0334835052490236,"orthographic":false}