{"cameraMode":{"drawMode":0,"name":"Shaded","section":"Shading Mode"},"sceneLighting":true,"audioPlay":false,"sceneViewState":{"showFog":true,"showMaterialUpdate":true,"showSkybox":true,"showFlares":true,"showImageEffects":true,"showParticleSystems":true},"in2DMode":false,"pivot":{"x":27.62178611755371,"y":25.854055404663087,"z":1.3720951080322266},"rotation":{"x":-0.22478601336479188,"y":-0.02718365378677845,"z":0.006276779808104038,"w":-0.9740217924118042},"size":26.714725494384767,"orthographic":false}