{"cameraMode":{"drawMode":0,"name":"Shaded","section":"Shading Mode"},"sceneLighting":true,"audioPlay":false,"sceneViewState":{"showFog":true,"showMaterialUpdate":true,"showSkybox":true,"showFlares":true,"showImageEffects":true,"showParticleSystems":true},"in2DMode":false,"pivot":{"x":3.6687612533569338,"y":10.294578552246094,"z":-0.6041746139526367},"rotation":{"x":-0.19111450016498567,"y":0.012366104871034623,"z":-0.002404466737061739,"w":-0.9815000891685486},"size":14.7864408493042,"orthographic":false}