{"cameraMode":{"drawMode":0,"name":"Shaded","section":"Shading Mode"},"sceneLighting":true,"audioPlay":false,"sceneViewState":{"showFog":true,"showMaterialUpdate":true,"showSkybox":true,"showFlares":true,"showImageEffects":true,"showParticleSystems":true},"in2DMode":false,"pivot":{"x":1.5553016662597657,"y":10.254340171813965,"z":-0.434967041015625},"rotation":{"x":-0.09142155200242996,"y":0.07520916312932968,"z":-0.006923772860318422,"w":-0.9929686188697815},"size":18.231836318969728,"orthographic":false}