{"cameraMode":{"drawMode":0,"name":"Shaded","section":"Shading Mode"},"sceneLighting":true,"audioPlay":false,"sceneViewState":{"showFog":true,"showMaterialUpdate":true,"showSkybox":true,"showFlares":true,"showImageEffects":true,"showParticleSystems":true},"in2DMode":false,"pivot":{"x":18.762184143066408,"y":13.75142765045166,"z":8.346612930297852},"rotation":{"x":-0.12150391936302185,"y":-0.01280620601028204,"z":0.0015757052460685373,"w":-0.9925476312637329},"size":5.492552280426025,"orthographic":false}