{"cameraMode":{"drawMode":0,"name":"Shaded","section":"Shading Mode"},"sceneLighting":true,"audioPlay":false,"sceneViewState":{"showFog":true,"showMaterialUpdate":true,"showSkybox":true,"showFlares":true,"showImageEffects":true,"showParticleSystems":true},"in2DMode":false,"pivot":{"x":21.257421493530275,"y":13.815165519714356,"z":6.075357913970947},"rotation":{"x":-0.2684381604194641,"y":0.6336014270782471,"z":-0.24963830411434174,"w":-0.6813619136810303},"size":5.492552280426025,"orthographic":false}