{"cameraMode":{"drawMode":0,"name":"Shaded","section":"Shading Mode"},"sceneLighting":true,"audioPlay":false,"sceneViewState":{"showFog":true,"showMaterialUpdate":true,"showSkybox":true,"showFlares":true,"showImageEffects":true,"showParticleSystems":true},"in2DMode":false,"pivot":{"x":3.77042555809021,"y":12.701919555664063,"z":-7.982912063598633},"rotation":{"x":-0.17933900654315949,"y":0.005016491282731295,"z":-0.0009018336422741413,"w":-0.9838109612464905},"size":9.705751419067383,"orthographic":false}