{"cameraMode":{"drawMode":0,"name":"Shaded","section":"Shading Mode"},"sceneLighting":true,"audioPlay":false,"sceneViewState":{"showFog":true,"showMaterialUpdate":true,"showSkybox":true,"showFlares":true,"showImageEffects":true,"showParticleSystems":true},"in2DMode":false,"pivot":{"x":4.584341049194336,"y":20.916471481323243,"z":-14.375904083251954},"rotation":{"x":-0.25629961490631106,"y":-0.06605515629053116,"z":0.01756078563630581,"w":-0.9641906023025513},"size":17.83675765991211,"orthographic":false}