{"cameraMode":{"drawMode":0,"name":"Shaded","section":"Shading Mode"},"sceneLighting":true,"audioPlay":false,"sceneViewState":{"showFog":true,"showMaterialUpdate":true,"showSkybox":true,"showFlares":true,"showImageEffects":true,"showParticleSystems":true},"in2DMode":false,"pivot":{"x":8.515202522277832,"y":3.2467575073242189,"z":3.5475101470947267},"rotation":{"x":-0.2221992462873459,"y":-0.10158070921897888,"z":0.023295022547245027,"w":-0.9694535732269287},"size":32.31285095214844,"orthographic":false}