{"cameraMode":{"drawMode":0,"name":"Shaded","section":"Shading Mode"},"sceneLighting":true,"audioPlay":false,"sceneViewState":{"showFog":true,"showMaterialUpdate":true,"showSkybox":true,"showFlares":true,"showImageEffects":true,"showParticleSystems":true},"in2DMode":false,"pivot":{"x":-18.138347625732423,"y":12.144340515136719,"z":5.085000991821289},"rotation":{"x":-0.13609415292739869,"y":-0.06474631279706955,"z":0.00891142524778843,"w":-0.9885507822036743},"size":17.197158813476564,"orthographic":false}